<?xml version="1.0" encoding="UTF-8"?>
<CustomApplication xmlns="http://soap.sforce.com/2006/04/metadata">
    <brand>
        <headerColor>#D7240F</headerColor>
        <logo>sfdcfactsacademy512</logo>
        <logoVersion>1</logoVersion>
        <shouldOverrideOrgTheme>true</shouldOverrideOrgTheme>
    </brand>
    <formFactors>Small</formFactors>
    <formFactors>Large</formFactors>
    <isNavAutoTempTabsDisabled>false</isNavAutoTempTabsDisabled>
    <isNavPersonalizationDisabled>false</isNavPersonalizationDisabled>
    <label>SFDCFacts Academy</label>
    <navType>Console</navType>
    <setupExperience>all</setupExperience>
    <tabs>standard-Feed</tabs>
    <tabs>standard-home</tabs>
    <tabs>ToDo__c</tabs>
    <tabs>standard-Account</tabs>
    <tabs>standard-Contact</tabs>
    <tabs>standard-Opportunity</tabs>
    <uiType>Lightning</uiType>
    <utilityBar>SFDCFacts_Academy_UtilityBar</utilityBar>
    <workspaceConfig>
        <mappings>
            <tab>ToDo__c</tab>
        </mappings>
        <mappings>
            <tab>standard-Account</tab>
        </mappings>
        <mappings>
            <tab>standard-Contact</tab>
        </mappings>
        <mappings>
            <tab>standard-Feed</tab>
        </mappings>
        <mappings>
            <tab>standard-Opportunity</tab>
        </mappings>
        <mappings>
            <tab>standard-home</tab>
        </mappings>
    </workspaceConfig>
</CustomApplication>
