<?xml version="1.0" encoding="UTF-8"?>
<FlexiPage xmlns="http://soap.sforce.com/2006/04/metadata">
    <flexiPageRegions>
        <componentInstances>
            <componentName>home:heroChart</componentName>
        </componentInstances>
        <mode>Replace</mode>
        <name>top</name>
        <type>Region</type>
    </flexiPageRegions>
    <flexiPageRegions>
        <componentInstances>
            <componentName>home:eventContainer</componentName>
        </componentInstances>
        <componentInstances>
            <componentName>home:recentRecordContainer</componentName>
        </componentInstances>
        <mode>Replace</mode>
        <name>bottomLeft</name>
        <type>Region</type>
    </flexiPageRegions>
    <flexiPageRegions>
        <componentInstances>
            <componentName>runtime_sales_activities:todayTaskContainer</componentName>
        </componentInstances>
        <componentInstances>
            <componentName>home:topDealsContainer</componentName>
        </componentInstances>
        <mode>Replace</mode>
        <name>bottomRight</name>
        <type>Region</type>
    </flexiPageRegions>
    <flexiPageRegions>
        <componentInstances>
            <componentName>toDoManager</componentName>
        </componentInstances>
        <name>Facet-68aeb377-ed1c-435b-a7cf-f09ca1fd0d3e</name>
        <type>Facet</type>
    </flexiPageRegions>
    <flexiPageRegions>
        <componentInstances>
            <componentName>toDoList</componentName>
        </componentInstances>
        <name>Facet-3c9a6b1c-4556-4af6-ac4a-23c99aebd4fb</name>
        <type>Facet</type>
    </flexiPageRegions>
    <flexiPageRegions>
        <componentInstances>
            <componentInstanceProperties>
                <name>active</name>
                <value>false</value>
            </componentInstanceProperties>
            <componentInstanceProperties>
                <name>body</name>
                <value>Facet-68aeb377-ed1c-435b-a7cf-f09ca1fd0d3e</value>
            </componentInstanceProperties>
            <componentInstanceProperties>
                <name>title</name>
                <value>ToDo Manager</value>
            </componentInstanceProperties>
            <componentName>flexipage:tab</componentName>
        </componentInstances>
        <componentInstances>
            <componentInstanceProperties>
                <name>body</name>
                <value>Facet-3c9a6b1c-4556-4af6-ac4a-23c99aebd4fb</value>
            </componentInstanceProperties>
            <componentInstanceProperties>
                <name>title</name>
                <value>ToDo List</value>
            </componentInstanceProperties>
            <componentName>flexipage:tab</componentName>
        </componentInstances>
        <name>Facet-f8f95943-9865-4de4-b2db-08e543017231</name>
        <type>Facet</type>
    </flexiPageRegions>
    <flexiPageRegions>
        <componentInstances>
            <componentInstanceProperties>
                <name>tabs</name>
                <value>Facet-f8f95943-9865-4de4-b2db-08e543017231</value>
            </componentInstanceProperties>
            <componentName>flexipage:tabset</componentName>
        </componentInstances>
        <componentInstances>
            <componentName>home:assistant</componentName>
        </componentInstances>
        <mode>Replace</mode>
        <name>sidebar</name>
        <type>Region</type>
    </flexiPageRegions>
    <masterLabel>Home Page Default</masterLabel>
    <parentFlexiPage>home__desktopDefault</parentFlexiPage>
    <template>
        <name>home:desktopTemplate</name>
    </template>
    <type>HomePage</type>
</FlexiPage>
